{
  "predictions": [
    {
      "all_class_ids": [
        0,
        1,
        2
      ],
      "all_classes": [
        "0",
        "1",
        "2"
      ],
      "probabilities": [
        0.00102180627,
        0.996110737,
        0.00286751427
      ],
      "logits": [
        -3.42212534,
        3.46016121,
        -2.39025164
      ],
      "class_ids": [
        1
      ],
      "classes": [
        "1"
      ]
    }
  ]
}